id,text,label,source,review_status,notes
0,How many calories are in 100g of chicken breast?,NUTRITION_LOOKUP,crafted_hard_v2,reviewed_by_codex_schema_v1,exact nutrition lookup cue; no health advice requested
1,What is the calorie content of chicken breast per 100g?,NUTRITION_LOOKUP,crafted_hard_v2,reviewed_by_codex_schema_v1,exact nutrition lookup cue; no health advice requested
2,How many calories are in one serving of chicken breast?,NUTRITION_LOOKUP,crafted_hard_v2,reviewed_by_codex_schema_v1,exact nutrition lookup cue; no health advice requested
3,"Show me the calories, protein, fat, and carbs in 100g of chicken breast.",NUTRITION_LOOKUP,crafted_hard_v2,reviewed_by_codex_schema_v1,exact nutrition lookup cue; no health advice requested
4,What are the USDA nutrition facts for chicken breast?,NUTRITION_LOOKUP,crafted_hard_v2,reviewed_by_codex_schema_v1,exact nutrition lookup cue; no health advice requested
5,How much protein is in 100g of chicken breast?,NUTRITION_LOOKUP,crafted_hard_v2,reviewed_by_codex_schema_v1,exact nutrition lookup cue; no health advice requested
6,What is the protein content of chicken breast per 100g?,NUTRITION_LOOKUP,crafted_hard_v2,reviewed_by_codex_schema_v1,exact nutrition lookup cue; no health advice requested
7,How much protein does chicken breast contain per serving?,NUTRITION_LOOKUP,crafted_hard_v2,reviewed_by_codex_schema_v1,exact nutrition lookup cue; no health advice requested
8,How much carbohydrates is in 100g of chicken breast?,NUTRITION_LOOKUP,crafted_hard_v2,reviewed_by_codex_schema_v1,exact nutrition lookup cue; no health advice requested
9,What is the carbohydrates content of chicken breast per 100g?,NUTRITION_LOOKUP,crafted_hard_v2,reviewed_by_codex_schema_v1,exact nutrition lookup cue; no health advice requested
10,How much carbohydrates does chicken breast contain per serving?,NUTRITION_LOOKUP,crafted_hard_v2,reviewed_by_codex_schema_v1,exact nutrition lookup cue; no health advice requested
11,How much fat is in 100g of chicken breast?,NUTRITION_LOOKUP,crafted_hard_v2,reviewed_by_codex_schema_v1,exact nutrition lookup cue; no health advice requested
12,What is the fat content of chicken breast per 100g?,NUTRITION_LOOKUP,crafted_hard_v2,reviewed_by_codex_schema_v1,exact nutrition lookup cue; no health advice requested
13,How much fat does chicken breast contain per serving?,NUTRITION_LOOKUP,crafted_hard_v2,reviewed_by_codex_schema_v1,exact nutrition lookup cue; no health advice requested
14,How much fiber is in 100g of chicken breast?,NUTRITION_LOOKUP,crafted_hard_v2,reviewed_by_codex_schema_v1,exact nutrition lookup cue; no health advice requested
15,What is the fiber content of chicken breast per 100g?,NUTRITION_LOOKUP,crafted_hard_v2,reviewed_by_codex_schema_v1,exact nutrition lookup cue; no health advice requested
16,How much fiber does chicken breast contain per serving?,NUTRITION_LOOKUP,crafted_hard_v2,reviewed_by_codex_schema_v1,exact nutrition lookup cue; no health advice requested
17,How much sugar is in 100g of chicken breast?,NUTRITION_LOOKUP,crafted_hard_v2,reviewed_by_codex_schema_v1,exact nutrition lookup cue; no health advice requested
18,What is the sugar content of chicken breast per 100g?,NUTRITION_LOOKUP,crafted_hard_v2,reviewed_by_codex_schema_v1,exact nutrition lookup cue; no health advice requested
19,How much sugar does chicken breast contain per serving?,NUTRITION_LOOKUP,crafted_hard_v2,reviewed_by_codex_schema_v1,exact nutrition lookup cue; no health advice requested
20,How much sodium is in 100g of chicken breast?,NUTRITION_LOOKUP,crafted_hard_v2,reviewed_by_codex_schema_v1,exact nutrition lookup cue; no health advice requested
21,What is the sodium content of chicken breast per 100g?,NUTRITION_LOOKUP,crafted_hard_v2,reviewed_by_codex_schema_v1,exact nutrition lookup cue; no health advice requested
22,How much sodium does chicken breast contain per serving?,NUTRITION_LOOKUP,crafted_hard_v2,reviewed_by_codex_schema_v1,exact nutrition lookup cue; no health advice requested
23,How much cholesterol is in 100g of chicken breast?,NUTRITION_LOOKUP,crafted_hard_v2,reviewed_by_codex_schema_v1,exact nutrition lookup cue; no health advice requested
24,What is the cholesterol content of chicken breast per 100g?,NUTRITION_LOOKUP,crafted_hard_v2,reviewed_by_codex_schema_v1,exact nutrition lookup cue; no health advice requested
25,How much cholesterol does chicken breast contain per serving?,NUTRITION_LOOKUP,crafted_hard_v2,reviewed_by_codex_schema_v1,exact nutrition lookup cue; no health advice requested
26,How much calcium is in 100g of chicken breast?,NUTRITION_LOOKUP,crafted_hard_v2,reviewed_by_codex_schema_v1,exact nutrition lookup cue; no health advice requested
27,What is the calcium content of chicken breast per 100g?,NUTRITION_LOOKUP,crafted_hard_v2,reviewed_by_codex_schema_v1,exact nutrition lookup cue; no health advice requested
28,How much calcium does chicken breast contain per serving?,NUTRITION_LOOKUP,crafted_hard_v2,reviewed_by_codex_schema_v1,exact nutrition lookup cue; no health advice requested
29,How much iron is in 100g of chicken breast?,NUTRITION_LOOKUP,crafted_hard_v2,reviewed_by_codex_schema_v1,exact nutrition lookup cue; no health advice requested
30,What is the iron content of chicken breast per 100g?,NUTRITION_LOOKUP,crafted_hard_v2,reviewed_by_codex_schema_v1,exact nutrition lookup cue; no health advice requested
31,How much iron does chicken breast contain per serving?,NUTRITION_LOOKUP,crafted_hard_v2,reviewed_by_codex_schema_v1,exact nutrition lookup cue; no health advice requested
32,How much potassium is in 100g of chicken breast?,NUTRITION_LOOKUP,crafted_hard_v2,reviewed_by_codex_schema_v1,exact nutrition lookup cue; no health advice requested
33,What is the potassium content of chicken breast per 100g?,NUTRITION_LOOKUP,crafted_hard_v2,reviewed_by_codex_schema_v1,exact nutrition lookup cue; no health advice requested
34,How much potassium does chicken breast contain per serving?,NUTRITION_LOOKUP,crafted_hard_v2,reviewed_by_codex_schema_v1,exact nutrition lookup cue; no health advice requested
35,How much magnesium is in 100g of chicken breast?,NUTRITION_LOOKUP,crafted_hard_v2,reviewed_by_codex_schema_v1,exact nutrition lookup cue; no health advice requested
36,What is the magnesium content of chicken breast per 100g?,NUTRITION_LOOKUP,crafted_hard_v2,reviewed_by_codex_schema_v1,exact nutrition lookup cue; no health advice requested
37,How much magnesium does chicken breast contain per serving?,NUTRITION_LOOKUP,crafted_hard_v2,reviewed_by_codex_schema_v1,exact nutrition lookup cue; no health advice requested
38,How much vitamin C is in 100g of chicken breast?,NUTRITION_LOOKUP,crafted_hard_v2,reviewed_by_codex_schema_v1,exact nutrition lookup cue; no health advice requested
39,What is the vitamin C content of chicken breast per 100g?,NUTRITION_LOOKUP,crafted_hard_v2,reviewed_by_codex_schema_v1,exact nutrition lookup cue; no health advice requested
40,How much vitamin C does chicken breast contain per serving?,NUTRITION_LOOKUP,crafted_hard_v2,reviewed_by_codex_schema_v1,exact nutrition lookup cue; no health advice requested
41,How much vitamin B12 is in 100g of chicken breast?,NUTRITION_LOOKUP,crafted_hard_v2,reviewed_by_codex_schema_v1,exact nutrition lookup cue; no health advice requested
42,What is the vitamin B12 content of chicken breast per 100g?,NUTRITION_LOOKUP,crafted_hard_v2,reviewed_by_codex_schema_v1,exact nutrition lookup cue; no health advice requested
43,How much vitamin B12 does chicken breast contain per serving?,NUTRITION_LOOKUP,crafted_hard_v2,reviewed_by_codex_schema_v1,exact nutrition lookup cue; no health advice requested
44,How much omega-3 is in 100g of chicken breast?,NUTRITION_LOOKUP,crafted_hard_v2,reviewed_by_codex_schema_v1,exact nutrition lookup cue; no health advice requested
45,What is the omega-3 content of chicken breast per 100g?,NUTRITION_LOOKUP,crafted_hard_v2,reviewed_by_codex_schema_v1,exact nutrition lookup cue; no health advice requested
46,How much omega-3 does chicken breast contain per serving?,NUTRITION_LOOKUP,crafted_hard_v2,reviewed_by_codex_schema_v1,exact nutrition lookup cue; no health advice requested
47,How many calories are in 100g of salmon?,NUTRITION_LOOKUP,crafted_hard_v2,reviewed_by_codex_schema_v1,exact nutrition lookup cue; no health advice requested
48,What is the calorie content of salmon per 100g?,NUTRITION_LOOKUP,crafted_hard_v2,reviewed_by_codex_schema_v1,exact nutrition lookup cue; no health advice requested
49,How many calories are in one serving of salmon?,NUTRITION_LOOKUP,crafted_hard_v2,reviewed_by_codex_schema_v1,exact nutrition lookup cue; no health advice requested
50,"Show me the calories, protein, fat, and carbs in 100g of salmon.",NUTRITION_LOOKUP,crafted_hard_v2,reviewed_by_codex_schema_v1,exact nutrition lookup cue; no health advice requested
51,What are the USDA nutrition facts for salmon?,NUTRITION_LOOKUP,crafted_hard_v2,reviewed_by_codex_schema_v1,exact nutrition lookup cue; no health advice requested
52,How much protein is in 100g of salmon?,NUTRITION_LOOKUP,crafted_hard_v2,reviewed_by_codex_schema_v1,exact nutrition lookup cue; no health advice requested
53,What is the protein content of salmon per 100g?,NUTRITION_LOOKUP,crafted_hard_v2,reviewed_by_codex_schema_v1,exact nutrition lookup cue; no health advice requested
54,How much protein does salmon contain per serving?,NUTRITION_LOOKUP,crafted_hard_v2,reviewed_by_codex_schema_v1,exact nutrition lookup cue; no health advice requested
55,How much carbohydrates is in 100g of salmon?,NUTRITION_LOOKUP,crafted_hard_v2,reviewed_by_codex_schema_v1,exact nutrition lookup cue; no health advice requested
56,What is the carbohydrates content of salmon per 100g?,NUTRITION_LOOKUP,crafted_hard_v2,reviewed_by_codex_schema_v1,exact nutrition lookup cue; no health advice requested
57,How much carbohydrates does salmon contain per serving?,NUTRITION_LOOKUP,crafted_hard_v2,reviewed_by_codex_schema_v1,exact nutrition lookup cue; no health advice requested
58,How much fat is in 100g of salmon?,NUTRITION_LOOKUP,crafted_hard_v2,reviewed_by_codex_schema_v1,exact nutrition lookup cue; no health advice requested
59,What is the fat content of salmon per 100g?,NUTRITION_LOOKUP,crafted_hard_v2,reviewed_by_codex_schema_v1,exact nutrition lookup cue; no health advice requested
60,How much fat does salmon contain per serving?,NUTRITION_LOOKUP,crafted_hard_v2,reviewed_by_codex_schema_v1,exact nutrition lookup cue; no health advice requested
61,How much fiber is in 100g of salmon?,NUTRITION_LOOKUP,crafted_hard_v2,reviewed_by_codex_schema_v1,exact nutrition lookup cue; no health advice requested
62,What is the fiber content of salmon per 100g?,NUTRITION_LOOKUP,crafted_hard_v2,reviewed_by_codex_schema_v1,exact nutrition lookup cue; no health advice requested
63,How much fiber does salmon contain per serving?,NUTRITION_LOOKUP,crafted_hard_v2,reviewed_by_codex_schema_v1,exact nutrition lookup cue; no health advice requested
64,How much sugar is in 100g of salmon?,NUTRITION_LOOKUP,crafted_hard_v2,reviewed_by_codex_schema_v1,exact nutrition lookup cue; no health advice requested
65,What is the sugar content of salmon per 100g?,NUTRITION_LOOKUP,crafted_hard_v2,reviewed_by_codex_schema_v1,exact nutrition lookup cue; no health advice requested
66,How much sugar does salmon contain per serving?,NUTRITION_LOOKUP,crafted_hard_v2,reviewed_by_codex_schema_v1,exact nutrition lookup cue; no health advice requested
67,How much sodium is in 100g of salmon?,NUTRITION_LOOKUP,crafted_hard_v2,reviewed_by_codex_schema_v1,exact nutrition lookup cue; no health advice requested
68,What is the sodium content of salmon per 100g?,NUTRITION_LOOKUP,crafted_hard_v2,reviewed_by_codex_schema_v1,exact nutrition lookup cue; no health advice requested
69,How much sodium does salmon contain per serving?,NUTRITION_LOOKUP,crafted_hard_v2,reviewed_by_codex_schema_v1,exact nutrition lookup cue; no health advice requested
70,How much cholesterol is in 100g of salmon?,NUTRITION_LOOKUP,crafted_hard_v2,reviewed_by_codex_schema_v1,exact nutrition lookup cue; no health advice requested
71,What is the cholesterol content of salmon per 100g?,NUTRITION_LOOKUP,crafted_hard_v2,reviewed_by_codex_schema_v1,exact nutrition lookup cue; no health advice requested
72,How much cholesterol does salmon contain per serving?,NUTRITION_LOOKUP,crafted_hard_v2,reviewed_by_codex_schema_v1,exact nutrition lookup cue; no health advice requested
73,How much calcium is in 100g of salmon?,NUTRITION_LOOKUP,crafted_hard_v2,reviewed_by_codex_schema_v1,exact nutrition lookup cue; no health advice requested
74,What is the calcium content of salmon per 100g?,NUTRITION_LOOKUP,crafted_hard_v2,reviewed_by_codex_schema_v1,exact nutrition lookup cue; no health advice requested
75,How much calcium does salmon contain per serving?,NUTRITION_LOOKUP,crafted_hard_v2,reviewed_by_codex_schema_v1,exact nutrition lookup cue; no health advice requested
76,How much iron is in 100g of salmon?,NUTRITION_LOOKUP,crafted_hard_v2,reviewed_by_codex_schema_v1,exact nutrition lookup cue; no health advice requested
77,What is the iron content of salmon per 100g?,NUTRITION_LOOKUP,crafted_hard_v2,reviewed_by_codex_schema_v1,exact nutrition lookup cue; no health advice requested
78,How much iron does salmon contain per serving?,NUTRITION_LOOKUP,crafted_hard_v2,reviewed_by_codex_schema_v1,exact nutrition lookup cue; no health advice requested
79,How much potassium is in 100g of salmon?,NUTRITION_LOOKUP,crafted_hard_v2,reviewed_by_codex_schema_v1,exact nutrition lookup cue; no health advice requested
80,What is the potassium content of salmon per 100g?,NUTRITION_LOOKUP,crafted_hard_v2,reviewed_by_codex_schema_v1,exact nutrition lookup cue; no health advice requested
81,How much potassium does salmon contain per serving?,NUTRITION_LOOKUP,crafted_hard_v2,reviewed_by_codex_schema_v1,exact nutrition lookup cue; no health advice requested
82,How much magnesium is in 100g of salmon?,NUTRITION_LOOKUP,crafted_hard_v2,reviewed_by_codex_schema_v1,exact nutrition lookup cue; no health advice requested
83,What is the magnesium content of salmon per 100g?,NUTRITION_LOOKUP,crafted_hard_v2,reviewed_by_codex_schema_v1,exact nutrition lookup cue; no health advice requested
84,How much magnesium does salmon contain per serving?,NUTRITION_LOOKUP,crafted_hard_v2,reviewed_by_codex_schema_v1,exact nutrition lookup cue; no health advice requested
85,How much vitamin C is in 100g of salmon?,NUTRITION_LOOKUP,crafted_hard_v2,reviewed_by_codex_schema_v1,exact nutrition lookup cue; no health advice requested
86,What is the vitamin C content of salmon per 100g?,NUTRITION_LOOKUP,crafted_hard_v2,reviewed_by_codex_schema_v1,exact nutrition lookup cue; no health advice requested
87,How much vitamin C does salmon contain per serving?,NUTRITION_LOOKUP,crafted_hard_v2,reviewed_by_codex_schema_v1,exact nutrition lookup cue; no health advice requested
88,How much vitamin B12 is in 100g of salmon?,NUTRITION_LOOKUP,crafted_hard_v2,reviewed_by_codex_schema_v1,exact nutrition lookup cue; no health advice requested
89,What is the vitamin B12 content of salmon per 100g?,NUTRITION_LOOKUP,crafted_hard_v2,reviewed_by_codex_schema_v1,exact nutrition lookup cue; no health advice requested
90,How much vitamin B12 does salmon contain per serving?,NUTRITION_LOOKUP,crafted_hard_v2,reviewed_by_codex_schema_v1,exact nutrition lookup cue; no health advice requested
91,How much omega-3 is in 100g of salmon?,NUTRITION_LOOKUP,crafted_hard_v2,reviewed_by_codex_schema_v1,exact nutrition lookup cue; no health advice requested
92,What is the omega-3 content of salmon per 100g?,NUTRITION_LOOKUP,crafted_hard_v2,reviewed_by_codex_schema_v1,exact nutrition lookup cue; no health advice requested
93,How much omega-3 does salmon contain per serving?,NUTRITION_LOOKUP,crafted_hard_v2,reviewed_by_codex_schema_v1,exact nutrition lookup cue; no health advice requested
94,How many calories are in 100g of avocado?,NUTRITION_LOOKUP,crafted_hard_v2,reviewed_by_codex_schema_v1,exact nutrition lookup cue; no health advice requested
95,What is the calorie content of avocado per 100g?,NUTRITION_LOOKUP,crafted_hard_v2,reviewed_by_codex_schema_v1,exact nutrition lookup cue; no health advice requested
96,How many calories are in one serving of avocado?,NUTRITION_LOOKUP,crafted_hard_v2,reviewed_by_codex_schema_v1,exact nutrition lookup cue; no health advice requested
97,"Show me the calories, protein, fat, and carbs in 100g of avocado.",NUTRITION_LOOKUP,crafted_hard_v2,reviewed_by_codex_schema_v1,exact nutrition lookup cue; no health advice requested
98,What are the USDA nutrition facts for avocado?,NUTRITION_LOOKUP,crafted_hard_v2,reviewed_by_codex_schema_v1,exact nutrition lookup cue; no health advice requested
99,How much protein is in 100g of avocado?,NUTRITION_LOOKUP,crafted_hard_v2,reviewed_by_codex_schema_v1,exact nutrition lookup cue; no health advice requested
100,Is Hibiscus sabdariffa helpful in lowering cholesterol for metabolic syndrome patients?,HEALTH_ADVICE,hotpot_relabel_review,reviewed_by_codex_schema_v1,food/herb/research question; no exact USDA nutrition lookup requested
101,Can ginger help alleviate nausea and vomiting during pregnancy?,HEALTH_ADVICE,hotpot_relabel_review,reviewed_by_codex_schema_v1,food/herb/research question; no exact USDA nutrition lookup requested
102,Does drinking grapefruit juice affect cardiovascular health and cause drug interactions?,HEALTH_ADVICE,hotpot_relabel_review,reviewed_by_codex_schema_v1,food/herb/research question; no exact USDA nutrition lookup requested
103,Does consumption of cooking oil and fish oil capsules affect octylphenol concentrations in breast milk?,HEALTH_ADVICE,hotpot_relabel_review,reviewed_by_codex_schema_v1,food/herb/research question; no exact USDA nutrition lookup requested
104,How does dietary phosphorus or phosphate additives in grain products affect cardiovascular health?,HEALTH_ADVICE,hotpot_relabel_review,reviewed_by_codex_schema_v1,food/herb/research question; no exact USDA nutrition lookup requested
105,Is statin use associated with improved survival rates in breast cancer patients?,HEALTH_ADVICE,hotpot_relabel_review,reviewed_by_codex_schema_v1,food/herb/research question; no exact USDA nutrition lookup requested
106,Can prenatal exposure to methylmercury affect a child's attention span later in life?,HEALTH_ADVICE,hotpot_relabel_review,reviewed_by_codex_schema_v1,food/herb/research question; no exact USDA nutrition lookup requested
107,Are there safe alternatives to NSAIDs for managing severe primary dysmenorrhea?,HEALTH_ADVICE,hotpot_relabel_review,reviewed_by_codex_schema_v1,food/herb/research question; no exact USDA nutrition lookup requested
108,Is surgery an effective and recommended treatment for severe mastalgia?,HEALTH_ADVICE,hotpot_relabel_review,reviewed_by_codex_schema_v1,food/herb/research question; no exact USDA nutrition lookup requested
109,Does Hibiscus sabdariffa have a uricosuric effect?,HEALTH_ADVICE,hotpot_relabel_review,reviewed_by_codex_schema_v1,food/herb/research question; no exact USDA nutrition lookup requested
110,Can high doses of Hibiscus sabdariffa extract cause testicular toxicity?,HEALTH_ADVICE,hotpot_relabel_review,reviewed_by_codex_schema_v1,food/herb/research question; no exact USDA nutrition lookup requested
111,Can marinades containing hibiscus extract prevent the formation of carcinogens in fried meat?,HEALTH_ADVICE,hotpot_relabel_review,reviewed_by_codex_schema_v1,food/herb/research question; no exact USDA nutrition lookup requested
112,Is taking Hibiscus sabdariffa safe when using diclofenac?,HEALTH_ADVICE,hotpot_relabel_review,reviewed_by_codex_schema_v1,food/herb/research question; no exact USDA nutrition lookup requested
113,Does common fructose consumption cause gastrointestinal distress in healthy adults?,HEALTH_ADVICE,hotpot_relabel_review,reviewed_by_codex_schema_v1,food/herb/research question; no exact USDA nutrition lookup requested
114,Can alpha-galactosidase supplements help reduce intestinal gas from eating beans?,HEALTH_ADVICE,hotpot_relabel_review,reviewed_by_codex_schema_v1,food/herb/research question; no exact USDA nutrition lookup requested
115,How effective are charcoal-containing garments at reducing flatus odor?,HEALTH_ADVICE,hotpot_relabel_review,reviewed_by_codex_schema_v1,food/herb/research question; no exact USDA nutrition lookup requested
116,Is abnormal lipid metabolism linked to Alzheimer's disease pathology?,HEALTH_ADVICE,hotpot_relabel_review,reviewed_by_codex_schema_v1,food/herb/research question; no exact USDA nutrition lookup requested
117,Does continuous low-dose aspirin increase the risk of gastroduodenal ulcers?,HEALTH_ADVICE,hotpot_relabel_review,reviewed_by_codex_schema_v1,food/herb/research question; no exact USDA nutrition lookup requested
118,Can saffron be used to treat mild-to-moderate depression?,HEALTH_ADVICE,hotpot_relabel_review,reviewed_by_codex_schema_v1,food/herb/research question; no exact USDA nutrition lookup requested
119,Is saffron effective in treating male erectile dysfunction?,HEALTH_ADVICE,hotpot_relabel_review,reviewed_by_codex_schema_v1,food/herb/research question; no exact USDA nutrition lookup requested
120,Does high egg consumption increase cardiovascular disease risk in older adults?,HEALTH_ADVICE,hotpot_relabel_review,reviewed_by_codex_schema_v1,food/herb/research question; no exact USDA nutrition lookup requested
121,How do phytoestrogens affect estrogen production in humans?,HEALTH_ADVICE,hotpot_relabel_review,reviewed_by_codex_schema_v1,food/herb/research question; no exact USDA nutrition lookup requested
122,Does consuming a high-soy diet alter estrogen levels in breast nipple aspirate fluid?,HEALTH_ADVICE,hotpot_relabel_review,reviewed_by_codex_schema_v1,food/herb/research question; no exact USDA nutrition lookup requested
123,"What is the effect of a dietary portfolio containing plant sterols, soy, and almonds on LDL cholesterol?",HEALTH_ADVICE,hotpot_relabel_review,reviewed_by_codex_schema_v1,food/herb/research question; no exact USDA nutrition lookup requested
124,Is telomere length affected by diet and micronutrients?,HEALTH_ADVICE,hotpot_relabel_review,reviewed_by_codex_schema_v1,food/herb/research question; no exact USDA nutrition lookup requested
125,Can adding spices to a meal improve metabolism and antioxidant status?,HEALTH_ADVICE,hotpot_relabel_review,reviewed_by_codex_schema_v1,food/herb/research question; no exact USDA nutrition lookup requested
126,What effect does obesity have on women with polycystic ovary syndrome (PCOS)?,HEALTH_ADVICE,hotpot_relabel_review,reviewed_by_codex_schema_v1,food/herb/research question; no exact USDA nutrition lookup requested
127,Does maca consumption improve health in high-altitude populations?,HEALTH_ADVICE,hotpot_relabel_review,reviewed_by_codex_schema_v1,food/herb/research question; no exact USDA nutrition lookup requested
128,Is a hypocaloric diet better than metformin for improving insulin resistance in PCOS?,HEALTH_ADVICE,hotpot_relabel_review,reviewed_by_codex_schema_v1,food/herb/research question; no exact USDA nutrition lookup requested
129,Does marjoram tea affect the hormonal profile in women with PCOS?,HEALTH_ADVICE,hotpot_relabel_review,reviewed_by_codex_schema_v1,food/herb/research question; no exact USDA nutrition lookup requested
130,Are high-protein diets more effective than standard diets for weight loss in PCOS?,HEALTH_ADVICE,hotpot_relabel_review,reviewed_by_codex_schema_v1,food/herb/research question; no exact USDA nutrition lookup requested
131,Does structured exercise training alongside diet improve fertility in obese PCOS patients?,HEALTH_ADVICE,hotpot_relabel_review,reviewed_by_codex_schema_v1,food/herb/research question; no exact USDA nutrition lookup requested
132,Can Docosahexaenoic acid (DHA) derived from microalgae inhibit breast cancer cells?,HEALTH_ADVICE,hotpot_relabel_review,reviewed_by_codex_schema_v1,food/herb/research question; no exact USDA nutrition lookup requested
133,What is the most effective home method to clean fresh produce to remove bacteria?,HEALTH_ADVICE,hotpot_relabel_review,reviewed_by_codex_schema_v1,food/herb/research question; no exact USDA nutrition lookup requested
134,Is boric acid powder an effective treatment for vulvovaginal candidiasis?,HEALTH_ADVICE,hotpot_relabel_review,reviewed_by_codex_schema_v1,food/herb/research question; no exact USDA nutrition lookup requested
135,Why is boric acid teratogenic?,HEALTH_ADVICE,hotpot_relabel_review,reviewed_by_codex_schema_v1,food/herb/research question; no exact USDA nutrition lookup requested
136,Does consuming fiber protect against esophageal cancer?,HEALTH_ADVICE,hotpot_relabel_review,reviewed_by_codex_schema_v1,food/herb/research question; no exact USDA nutrition lookup requested
137,What are the dangers of ingesting concentrated hydrogen peroxide?,HEALTH_ADVICE,hotpot_relabel_review,reviewed_by_codex_schema_v1,food/herb/research question; no exact USDA nutrition lookup requested
138,How does gamma-irradiation affect vitamins in baby-leaf spinach?,HEALTH_ADVICE,hotpot_relabel_review,reviewed_by_codex_schema_v1,food/herb/research question; no exact USDA nutrition lookup requested
139,Are microgreens more nutritious than mature leaves?,HEALTH_ADVICE,hotpot_relabel_review,reviewed_by_codex_schema_v1,food/herb/research question; no exact USDA nutrition lookup requested
140,Can Ganoderma lucidum (Lingzhi) mushroom powder cause liver damage?,HEALTH_ADVICE,hotpot_relabel_review,reviewed_by_codex_schema_v1,food/herb/research question; no exact USDA nutrition lookup requested
141,How does bitter melon affect prostate cancer progression?,HEALTH_ADVICE,hotpot_relabel_review,reviewed_by_codex_schema_v1,food/herb/research question; no exact USDA nutrition lookup requested
142,Can drinking Yerba Mate tea improve bone health in postmenopausal women?,HEALTH_ADVICE,hotpot_relabel_review,reviewed_by_codex_schema_v1,food/herb/research question; no exact USDA nutrition lookup requested
143,Does the Mediterranean diet influence atrial fibrillation?,HEALTH_ADVICE,hotpot_relabel_review,reviewed_by_codex_schema_v1,food/herb/research question; no exact USDA nutrition lookup requested
144,Do energy drinks affect blood vessels or blood clotting?,HEALTH_ADVICE,hotpot_relabel_review,reviewed_by_codex_schema_v1,food/herb/research question; no exact USDA nutrition lookup requested
145,How do different cooking methods affect the oxalate content of vegetables?,HEALTH_ADVICE,hotpot_relabel_review,reviewed_by_codex_schema_v1,food/herb/research question; no exact USDA nutrition lookup requested
146,Is Ceylon cinnamon proven to lower postprandial glucose in people with impaired glucose tolerance?,HEALTH_ADVICE,hotpot_relabel_review,reviewed_by_codex_schema_v1,food/herb/research question; no exact USDA nutrition lookup requested
147,Does tea drinking cause iron deficiency?,HEALTH_ADVICE,hotpot_relabel_review,reviewed_by_codex_schema_v1,food/herb/research question; no exact USDA nutrition lookup requested
148,Are there toxic risks to eating Moringa stenopetala leaves and seeds?,HEALTH_ADVICE,hotpot_relabel_review,reviewed_by_codex_schema_v1,food/herb/research question; no exact USDA nutrition lookup requested
149,Does pasteurization destroy essential vitamins in milk?,HEALTH_ADVICE,hotpot_relabel_review,reviewed_by_codex_schema_v1,food/herb/research question; no exact USDA nutrition lookup requested
150,Does crushing garlic before cooking affect its antiplatelet activity?,HEALTH_ADVICE,hotpot_relabel_review,reviewed_by_codex_schema_v1,food/herb/research question; no exact USDA nutrition lookup requested
151,What is the primary danger of the amoeba Naegleria fowleri?,HEALTH_ADVICE,hotpot_relabel_review,reviewed_by_codex_schema_v1,food/herb/research question; no exact USDA nutrition lookup requested
152,Can consuming a combination of fructose and erythritol increase gastrointestinal symptoms?,HEALTH_ADVICE,hotpot_relabel_review,reviewed_by_codex_schema_v1,food/herb/research question; no exact USDA nutrition lookup requested
153,Are vegetarian children at risk for specific vitamin deficiencies compared to omnivores?,HEALTH_ADVICE,hotpot_relabel_review,reviewed_by_codex_schema_v1,food/herb/research question; no exact USDA nutrition lookup requested
154,Is krill oil more effective than fish oil in managing hyperlipidemia?,HEALTH_ADVICE,hotpot_relabel_review,reviewed_by_codex_schema_v1,food/herb/research question; no exact USDA nutrition lookup requested
155,Can recurrent arthritis in childhood be linked to undiagnosed celiac disease?,HEALTH_ADVICE,hotpot_relabel_review,reviewed_by_codex_schema_v1,food/herb/research question; no exact USDA nutrition lookup requested
156,Does a vegetarian or low animal protein diet prevent kidney stones?,HEALTH_ADVICE,hotpot_relabel_review,reviewed_by_codex_schema_v1,food/herb/research question; no exact USDA nutrition lookup requested
157,Does Vitamin C supplementation increase the risk of kidney stones?,HEALTH_ADVICE,hotpot_relabel_review,reviewed_by_codex_schema_v1,food/herb/research question; no exact USDA nutrition lookup requested
158,Are there benefits to using Aloe vera cream for second-degree burns compared to silver sulfadiazine?,HEALTH_ADVICE,hotpot_relabel_review,reviewed_by_codex_schema_v1,food/herb/research question; no exact USDA nutrition lookup requested
159,Are multivitamin supplements proven to reduce the risk of breast cancer?,HEALTH_ADVICE,hotpot_relabel_review,reviewed_by_codex_schema_v1,food/herb/research question; no exact USDA nutrition lookup requested
160,Does Capsaicin pose safety risks as an ingredient in cosmetics?,HEALTH_ADVICE,hotpot_relabel_review,reviewed_by_codex_schema_v1,food/herb/research question; no exact USDA nutrition lookup requested
161,Can high homocysteine levels and B-vitamin deficiency cause brain atrophy in the elderly?,HEALTH_ADVICE,hotpot_relabel_review,reviewed_by_codex_schema_v1,food/herb/research question; no exact USDA nutrition lookup requested
162,Can PBDE exposure impact child neurodevelopment?,HEALTH_ADVICE,hotpot_relabel_review,reviewed_by_codex_schema_v1,food/herb/research question; no exact USDA nutrition lookup requested
163,Is peppermint oil effective for treating irritable bowel syndrome (IBS)?,HEALTH_ADVICE,hotpot_relabel_review,reviewed_by_codex_schema_v1,food/herb/research question; no exact USDA nutrition lookup requested
164,Does placebo treatment work for IBS even if the patient knows it is a placebo?,HEALTH_ADVICE,hotpot_relabel_review,reviewed_by_codex_schema_v1,food/herb/research question; no exact USDA nutrition lookup requested
165,Does a high intake of saturated fats contribute to Non-Alcoholic Fatty Liver Disease (NAFLD)?,HEALTH_ADVICE,hotpot_relabel_review,reviewed_by_codex_schema_v1,food/herb/research question; no exact USDA nutrition lookup requested
166,Can cyanotoxins in the environment cause ALS or neurodegenerative disease?,HEALTH_ADVICE,hotpot_relabel_review,reviewed_by_codex_schema_v1,food/herb/research question; no exact USDA nutrition lookup requested
167,Is yeast beta-glucan effective for preventing common colds?,HEALTH_ADVICE,hotpot_relabel_review,reviewed_by_codex_schema_v1,food/herb/research question; no exact USDA nutrition lookup requested
168,Can whole grain consumption help prevent type 2 diabetes and body weight gain?,HEALTH_ADVICE,hotpot_relabel_review,reviewed_by_codex_schema_v1,food/herb/research question; no exact USDA nutrition lookup requested
169,Are organic foods substantially more nutritious than conventional foods?,HEALTH_ADVICE,hotpot_relabel_review,reviewed_by_codex_schema_v1,food/herb/research question; no exact USDA nutrition lookup requested
170,Is Proteus mirabilis bacteria linked to Rheumatoid Arthritis?,HEALTH_ADVICE,hotpot_relabel_review,reviewed_by_codex_schema_v1,food/herb/research question; no exact USDA nutrition lookup requested
171,Can ginger lower blood sugar?,HEALTH_ADVICE,crafted_hard_v2,reviewed_by_codex_schema_v1,health/clinical cue; no exact nutrition lookup requested
172,Does ginger lower blood sugar?,HEALTH_ADVICE,crafted_hard_v2,reviewed_by_codex_schema_v1,health/clinical cue; no exact nutrition lookup requested
173,Is ginger helpful for diabetes?,HEALTH_ADVICE,crafted_hard_v2,reviewed_by_codex_schema_v1,health/clinical cue; no exact nutrition lookup requested
174,Is ginger risky for people with diabetes?,HEALTH_ADVICE,crafted_hard_v2,reviewed_by_codex_schema_v1,health/clinical cue; no exact nutrition lookup requested
175,What does the evidence say about ginger for diabetes?,HEALTH_ADVICE,crafted_hard_v2,reviewed_by_codex_schema_v1,health/clinical cue; no exact nutrition lookup requested
176,Can people with diabetes safely use ginger?,HEALTH_ADVICE,crafted_hard_v2,reviewed_by_codex_schema_v1,health/clinical cue; no exact nutrition lookup requested
177,Does consuming ginger affect patients with diabetes?,HEALTH_ADVICE,crafted_hard_v2,reviewed_by_codex_schema_v1,health/clinical cue; no exact nutrition lookup requested
178,Should someone with diabetes avoid ginger?,HEALTH_ADVICE,crafted_hard_v2,reviewed_by_codex_schema_v1,health/clinical cue; no exact nutrition lookup requested
179,Can ginger reduce nausea during pregnancy?,HEALTH_ADVICE,crafted_hard_v2,reviewed_by_codex_schema_v1,health/clinical cue; no exact nutrition lookup requested
180,Does ginger reduce nausea during pregnancy?,HEALTH_ADVICE,crafted_hard_v2,reviewed_by_codex_schema_v1,health/clinical cue; no exact nutrition lookup requested
181,Can ginger interact with medications?,HEALTH_ADVICE,crafted_hard_v2,reviewed_by_codex_schema_v1,health/clinical cue; no exact nutrition lookup requested
182,Does ginger interact with medications?,HEALTH_ADVICE,crafted_hard_v2,reviewed_by_codex_schema_v1,health/clinical cue; no exact nutrition lookup requested
183,Can ginger improve cholesterol levels?,HEALTH_ADVICE,crafted_hard_v2,reviewed_by_codex_schema_v1,health/clinical cue; no exact nutrition lookup requested
184,Does ginger improve cholesterol levels?,HEALTH_ADVICE,crafted_hard_v2,reviewed_by_codex_schema_v1,health/clinical cue; no exact nutrition lookup requested
185,Can ginger increase kidney stone risk?,HEALTH_ADVICE,crafted_hard_v2,reviewed_by_codex_schema_v1,health/clinical cue; no exact nutrition lookup requested
186,Does ginger increase kidney stone risk?,HEALTH_ADVICE,crafted_hard_v2,reviewed_by_codex_schema_v1,health/clinical cue; no exact nutrition lookup requested
187,Can ginger help with PCOS symptoms?,HEALTH_ADVICE,crafted_hard_v2,reviewed_by_codex_schema_v1,health/clinical cue; no exact nutrition lookup requested
188,Does ginger help with PCOS symptoms?,HEALTH_ADVICE,crafted_hard_v2,reviewed_by_codex_schema_v1,health/clinical cue; no exact nutrition lookup requested
189,Can ginger reduce inflammation?,HEALTH_ADVICE,crafted_hard_v2,reviewed_by_codex_schema_v1,health/clinical cue; no exact nutrition lookup requested
190,Does ginger reduce inflammation?,HEALTH_ADVICE,crafted_hard_v2,reviewed_by_codex_schema_v1,health/clinical cue; no exact nutrition lookup requested
191,Can ginger affect blood pressure?,HEALTH_ADVICE,crafted_hard_v2,reviewed_by_codex_schema_v1,health/clinical cue; no exact nutrition lookup requested
192,Does ginger affect blood pressure?,HEALTH_ADVICE,crafted_hard_v2,reviewed_by_codex_schema_v1,health/clinical cue; no exact nutrition lookup requested
193,Can ginger improve bone health?,HEALTH_ADVICE,crafted_hard_v2,reviewed_by_codex_schema_v1,health/clinical cue; no exact nutrition lookup requested
194,Does ginger improve bone health?,HEALTH_ADVICE,crafted_hard_v2,reviewed_by_codex_schema_v1,health/clinical cue; no exact nutrition lookup requested
195,Can ginger increase cancer risk?,HEALTH_ADVICE,crafted_hard_v2,reviewed_by_codex_schema_v1,health/clinical cue; no exact nutrition lookup requested
196,Does ginger increase cancer risk?,HEALTH_ADVICE,crafted_hard_v2,reviewed_by_codex_schema_v1,health/clinical cue; no exact nutrition lookup requested
197,Can ginger help prevent type 2 diabetes?,HEALTH_ADVICE,crafted_hard_v2,reviewed_by_codex_schema_v1,health/clinical cue; no exact nutrition lookup requested
198,Does ginger help prevent type 2 diabetes?,HEALTH_ADVICE,crafted_hard_v2,reviewed_by_codex_schema_v1,health/clinical cue; no exact nutrition lookup requested
199,Can ginger cause liver damage?,HEALTH_ADVICE,crafted_hard_v2,reviewed_by_codex_schema_v1,health/clinical cue; no exact nutrition lookup requested
200,"How many calories are in chicken breast, and is it safe for someone with diabetes?",BOTH,crafted_hard_v2,reviewed_by_codex_schema_v1,explicit nutrition lookup cue plus health/clinical cue
201,"What is the calorie content of chicken breast, and should a patient with diabetes eat it?",BOTH,crafted_hard_v2,reviewed_by_codex_schema_v1,explicit nutrition lookup cue plus health/clinical cue
202,"How many calories are in 100g of chicken breast, and is it good for diabetes?",BOTH,crafted_hard_v2,reviewed_by_codex_schema_v1,explicit nutrition lookup cue plus health/clinical cue
203,"Give the USDA nutrition facts for chicken breast, then explain whether it helps with diabetes.",BOTH,crafted_hard_v2,reviewed_by_codex_schema_v1,explicit nutrition lookup cue plus health/clinical cue
204,"How much protein, fat, and carbs are in chicken breast, and what does that mean for diabetes?",BOTH,crafted_hard_v2,reviewed_by_codex_schema_v1,explicit nutrition lookup cue plus health/clinical cue
205,"What nutrients does chicken breast contain, and are those nutrients beneficial for diabetes?",BOTH,crafted_hard_v2,reviewed_by_codex_schema_v1,explicit nutrition lookup cue plus health/clinical cue
206,"How much protein is in chicken breast, and is it safe for someone with diabetes?",BOTH,crafted_hard_v2,reviewed_by_codex_schema_v1,explicit nutrition lookup cue plus health/clinical cue
207,"What is the protein content of chicken breast, and should a patient with diabetes eat it?",BOTH,crafted_hard_v2,reviewed_by_codex_schema_v1,explicit nutrition lookup cue plus health/clinical cue
208,"How much carbohydrates is in chicken breast, and is it safe for someone with diabetes?",BOTH,crafted_hard_v2,reviewed_by_codex_schema_v1,explicit nutrition lookup cue plus health/clinical cue
209,"What is the carbohydrates content of chicken breast, and should a patient with diabetes eat it?",BOTH,crafted_hard_v2,reviewed_by_codex_schema_v1,explicit nutrition lookup cue plus health/clinical cue
210,"How much fat is in chicken breast, and is it safe for someone with diabetes?",BOTH,crafted_hard_v2,reviewed_by_codex_schema_v1,explicit nutrition lookup cue plus health/clinical cue
211,"What is the fat content of chicken breast, and should a patient with diabetes eat it?",BOTH,crafted_hard_v2,reviewed_by_codex_schema_v1,explicit nutrition lookup cue plus health/clinical cue
212,"How much fiber is in chicken breast, and is it safe for someone with diabetes?",BOTH,crafted_hard_v2,reviewed_by_codex_schema_v1,explicit nutrition lookup cue plus health/clinical cue
213,"What is the fiber content of chicken breast, and should a patient with diabetes eat it?",BOTH,crafted_hard_v2,reviewed_by_codex_schema_v1,explicit nutrition lookup cue plus health/clinical cue
214,"How much sugar is in chicken breast, and is it safe for someone with diabetes?",BOTH,crafted_hard_v2,reviewed_by_codex_schema_v1,explicit nutrition lookup cue plus health/clinical cue
215,"What is the sugar content of chicken breast, and should a patient with diabetes eat it?",BOTH,crafted_hard_v2,reviewed_by_codex_schema_v1,explicit nutrition lookup cue plus health/clinical cue
216,"How much sodium is in chicken breast, and is it safe for someone with diabetes?",BOTH,crafted_hard_v2,reviewed_by_codex_schema_v1,explicit nutrition lookup cue plus health/clinical cue
217,"What is the sodium content of chicken breast, and should a patient with diabetes eat it?",BOTH,crafted_hard_v2,reviewed_by_codex_schema_v1,explicit nutrition lookup cue plus health/clinical cue
218,"How much cholesterol is in chicken breast, and is it safe for someone with diabetes?",BOTH,crafted_hard_v2,reviewed_by_codex_schema_v1,explicit nutrition lookup cue plus health/clinical cue
219,"What is the cholesterol content of chicken breast, and should a patient with diabetes eat it?",BOTH,crafted_hard_v2,reviewed_by_codex_schema_v1,explicit nutrition lookup cue plus health/clinical cue
220,"How much calcium is in chicken breast, and is it safe for someone with diabetes?",BOTH,crafted_hard_v2,reviewed_by_codex_schema_v1,explicit nutrition lookup cue plus health/clinical cue
221,"What is the calcium content of chicken breast, and should a patient with diabetes eat it?",BOTH,crafted_hard_v2,reviewed_by_codex_schema_v1,explicit nutrition lookup cue plus health/clinical cue
222,"How much iron is in chicken breast, and is it safe for someone with diabetes?",BOTH,crafted_hard_v2,reviewed_by_codex_schema_v1,explicit nutrition lookup cue plus health/clinical cue
223,"What is the iron content of chicken breast, and should a patient with diabetes eat it?",BOTH,crafted_hard_v2,reviewed_by_codex_schema_v1,explicit nutrition lookup cue plus health/clinical cue
224,"How much potassium is in chicken breast, and is it safe for someone with diabetes?",BOTH,crafted_hard_v2,reviewed_by_codex_schema_v1,explicit nutrition lookup cue plus health/clinical cue
225,"What is the potassium content of chicken breast, and should a patient with diabetes eat it?",BOTH,crafted_hard_v2,reviewed_by_codex_schema_v1,explicit nutrition lookup cue plus health/clinical cue
226,"How much magnesium is in chicken breast, and is it safe for someone with diabetes?",BOTH,crafted_hard_v2,reviewed_by_codex_schema_v1,explicit nutrition lookup cue plus health/clinical cue
227,"What is the magnesium content of chicken breast, and should a patient with diabetes eat it?",BOTH,crafted_hard_v2,reviewed_by_codex_schema_v1,explicit nutrition lookup cue plus health/clinical cue
228,"How much vitamin C is in chicken breast, and is it safe for someone with diabetes?",BOTH,crafted_hard_v2,reviewed_by_codex_schema_v1,explicit nutrition lookup cue plus health/clinical cue
229,"What is the vitamin C content of chicken breast, and should a patient with diabetes eat it?",BOTH,crafted_hard_v2,reviewed_by_codex_schema_v1,explicit nutrition lookup cue plus health/clinical cue
230,"How much vitamin B12 is in chicken breast, and is it safe for someone with diabetes?",BOTH,crafted_hard_v2,reviewed_by_codex_schema_v1,explicit nutrition lookup cue plus health/clinical cue
231,"What is the vitamin B12 content of chicken breast, and should a patient with diabetes eat it?",BOTH,crafted_hard_v2,reviewed_by_codex_schema_v1,explicit nutrition lookup cue plus health/clinical cue
232,"How much omega-3 is in chicken breast, and is it safe for someone with diabetes?",BOTH,crafted_hard_v2,reviewed_by_codex_schema_v1,explicit nutrition lookup cue plus health/clinical cue
233,"What is the omega-3 content of chicken breast, and should a patient with diabetes eat it?",BOTH,crafted_hard_v2,reviewed_by_codex_schema_v1,explicit nutrition lookup cue plus health/clinical cue
234,"How many calories are in chicken breast, and is it safe for someone with high blood pressure?",BOTH,crafted_hard_v2,reviewed_by_codex_schema_v1,explicit nutrition lookup cue plus health/clinical cue
235,"What is the calorie content of chicken breast, and should a patient with high blood pressure eat it?",BOTH,crafted_hard_v2,reviewed_by_codex_schema_v1,explicit nutrition lookup cue plus health/clinical cue
236,"How many calories are in 100g of chicken breast, and is it good for high blood pressure?",BOTH,crafted_hard_v2,reviewed_by_codex_schema_v1,explicit nutrition lookup cue plus health/clinical cue
237,"Give the USDA nutrition facts for chicken breast, then explain whether it helps with high blood pressure.",BOTH,crafted_hard_v2,reviewed_by_codex_schema_v1,explicit nutrition lookup cue plus health/clinical cue
238,"How much protein, fat, and carbs are in chicken breast, and what does that mean for high blood pressure?",BOTH,crafted_hard_v2,reviewed_by_codex_schema_v1,explicit nutrition lookup cue plus health/clinical cue
239,"What nutrients does chicken breast contain, and are those nutrients beneficial for high blood pressure?",BOTH,crafted_hard_v2,reviewed_by_codex_schema_v1,explicit nutrition lookup cue plus health/clinical cue
240,"How much protein is in chicken breast, and is it safe for someone with high blood pressure?",BOTH,crafted_hard_v2,reviewed_by_codex_schema_v1,explicit nutrition lookup cue plus health/clinical cue
241,"What is the protein content of chicken breast, and should a patient with high blood pressure eat it?",BOTH,crafted_hard_v2,reviewed_by_codex_schema_v1,explicit nutrition lookup cue plus health/clinical cue
242,"How much carbohydrates is in chicken breast, and is it safe for someone with high blood pressure?",BOTH,crafted_hard_v2,reviewed_by_codex_schema_v1,explicit nutrition lookup cue plus health/clinical cue
243,"What is the carbohydrates content of chicken breast, and should a patient with high blood pressure eat it?",BOTH,crafted_hard_v2,reviewed_by_codex_schema_v1,explicit nutrition lookup cue plus health/clinical cue
244,"How much fat is in chicken breast, and is it safe for someone with high blood pressure?",BOTH,crafted_hard_v2,reviewed_by_codex_schema_v1,explicit nutrition lookup cue plus health/clinical cue
245,"What is the fat content of chicken breast, and should a patient with high blood pressure eat it?",BOTH,crafted_hard_v2,reviewed_by_codex_schema_v1,explicit nutrition lookup cue plus health/clinical cue
246,"How much fiber is in chicken breast, and is it safe for someone with high blood pressure?",BOTH,crafted_hard_v2,reviewed_by_codex_schema_v1,explicit nutrition lookup cue plus health/clinical cue
247,"What is the fiber content of chicken breast, and should a patient with high blood pressure eat it?",BOTH,crafted_hard_v2,reviewed_by_codex_schema_v1,explicit nutrition lookup cue plus health/clinical cue
248,"How much sugar is in chicken breast, and is it safe for someone with high blood pressure?",BOTH,crafted_hard_v2,reviewed_by_codex_schema_v1,explicit nutrition lookup cue plus health/clinical cue
249,"What is the sugar content of chicken breast, and should a patient with high blood pressure eat it?",BOTH,crafted_hard_v2,reviewed_by_codex_schema_v1,explicit nutrition lookup cue plus health/clinical cue
250,"How much sodium is in chicken breast, and is it safe for someone with high blood pressure?",BOTH,crafted_hard_v2,reviewed_by_codex_schema_v1,explicit nutrition lookup cue plus health/clinical cue
251,"What is the sodium content of chicken breast, and should a patient with high blood pressure eat it?",BOTH,crafted_hard_v2,reviewed_by_codex_schema_v1,explicit nutrition lookup cue plus health/clinical cue
252,"How much cholesterol is in chicken breast, and is it safe for someone with high blood pressure?",BOTH,crafted_hard_v2,reviewed_by_codex_schema_v1,explicit nutrition lookup cue plus health/clinical cue
253,"What is the cholesterol content of chicken breast, and should a patient with high blood pressure eat it?",BOTH,crafted_hard_v2,reviewed_by_codex_schema_v1,explicit nutrition lookup cue plus health/clinical cue
254,"How much calcium is in chicken breast, and is it safe for someone with high blood pressure?",BOTH,crafted_hard_v2,reviewed_by_codex_schema_v1,explicit nutrition lookup cue plus health/clinical cue
255,"What is the calcium content of chicken breast, and should a patient with high blood pressure eat it?",BOTH,crafted_hard_v2,reviewed_by_codex_schema_v1,explicit nutrition lookup cue plus health/clinical cue
256,"How much iron is in chicken breast, and is it safe for someone with high blood pressure?",BOTH,crafted_hard_v2,reviewed_by_codex_schema_v1,explicit nutrition lookup cue plus health/clinical cue
257,"What is the iron content of chicken breast, and should a patient with high blood pressure eat it?",BOTH,crafted_hard_v2,reviewed_by_codex_schema_v1,explicit nutrition lookup cue plus health/clinical cue
258,"How much potassium is in chicken breast, and is it safe for someone with high blood pressure?",BOTH,crafted_hard_v2,reviewed_by_codex_schema_v1,explicit nutrition lookup cue plus health/clinical cue
259,"What is the potassium content of chicken breast, and should a patient with high blood pressure eat it?",BOTH,crafted_hard_v2,reviewed_by_codex_schema_v1,explicit nutrition lookup cue plus health/clinical cue
260,"How much magnesium is in chicken breast, and is it safe for someone with high blood pressure?",BOTH,crafted_hard_v2,reviewed_by_codex_schema_v1,explicit nutrition lookup cue plus health/clinical cue
261,"What is the magnesium content of chicken breast, and should a patient with high blood pressure eat it?",BOTH,crafted_hard_v2,reviewed_by_codex_schema_v1,explicit nutrition lookup cue plus health/clinical cue
262,"How much vitamin C is in chicken breast, and is it safe for someone with high blood pressure?",BOTH,crafted_hard_v2,reviewed_by_codex_schema_v1,explicit nutrition lookup cue plus health/clinical cue
263,"What is the vitamin C content of chicken breast, and should a patient with high blood pressure eat it?",BOTH,crafted_hard_v2,reviewed_by_codex_schema_v1,explicit nutrition lookup cue plus health/clinical cue
264,"How much vitamin B12 is in chicken breast, and is it safe for someone with high blood pressure?",BOTH,crafted_hard_v2,reviewed_by_codex_schema_v1,explicit nutrition lookup cue plus health/clinical cue
265,"What is the vitamin B12 content of chicken breast, and should a patient with high blood pressure eat it?",BOTH,crafted_hard_v2,reviewed_by_codex_schema_v1,explicit nutrition lookup cue plus health/clinical cue
266,"How much omega-3 is in chicken breast, and is it safe for someone with high blood pressure?",BOTH,crafted_hard_v2,reviewed_by_codex_schema_v1,explicit nutrition lookup cue plus health/clinical cue
267,"What is the omega-3 content of chicken breast, and should a patient with high blood pressure eat it?",BOTH,crafted_hard_v2,reviewed_by_codex_schema_v1,explicit nutrition lookup cue plus health/clinical cue
268,"How many calories are in chicken breast, and is it safe for someone with high cholesterol?",BOTH,crafted_hard_v2,reviewed_by_codex_schema_v1,explicit nutrition lookup cue plus health/clinical cue
269,"What is the calorie content of chicken breast, and should a patient with high cholesterol eat it?",BOTH,crafted_hard_v2,reviewed_by_codex_schema_v1,explicit nutrition lookup cue plus health/clinical cue
270,"How many calories are in 100g of chicken breast, and is it good for high cholesterol?",BOTH,crafted_hard_v2,reviewed_by_codex_schema_v1,explicit nutrition lookup cue plus health/clinical cue
271,"Give the USDA nutrition facts for chicken breast, then explain whether it helps with high cholesterol.",BOTH,crafted_hard_v2,reviewed_by_codex_schema_v1,explicit nutrition lookup cue plus health/clinical cue
272,"How much protein, fat, and carbs are in chicken breast, and what does that mean for high cholesterol?",BOTH,crafted_hard_v2,reviewed_by_codex_schema_v1,explicit nutrition lookup cue plus health/clinical cue
273,"What nutrients does chicken breast contain, and are those nutrients beneficial for high cholesterol?",BOTH,crafted_hard_v2,reviewed_by_codex_schema_v1,explicit nutrition lookup cue plus health/clinical cue
274,"How much protein is in chicken breast, and is it safe for someone with high cholesterol?",BOTH,crafted_hard_v2,reviewed_by_codex_schema_v1,explicit nutrition lookup cue plus health/clinical cue
275,"What is the protein content of chicken breast, and should a patient with high cholesterol eat it?",BOTH,crafted_hard_v2,reviewed_by_codex_schema_v1,explicit nutrition lookup cue plus health/clinical cue
276,"How much carbohydrates is in chicken breast, and is it safe for someone with high cholesterol?",BOTH,crafted_hard_v2,reviewed_by_codex_schema_v1,explicit nutrition lookup cue plus health/clinical cue
277,"What is the carbohydrates content of chicken breast, and should a patient with high cholesterol eat it?",BOTH,crafted_hard_v2,reviewed_by_codex_schema_v1,explicit nutrition lookup cue plus health/clinical cue
278,"How much fat is in chicken breast, and is it safe for someone with high cholesterol?",BOTH,crafted_hard_v2,reviewed_by_codex_schema_v1,explicit nutrition lookup cue plus health/clinical cue
279,"What is the fat content of chicken breast, and should a patient with high cholesterol eat it?",BOTH,crafted_hard_v2,reviewed_by_codex_schema_v1,explicit nutrition lookup cue plus health/clinical cue
280,"How much fiber is in chicken breast, and is it safe for someone with high cholesterol?",BOTH,crafted_hard_v2,reviewed_by_codex_schema_v1,explicit nutrition lookup cue plus health/clinical cue
281,"What is the fiber content of chicken breast, and should a patient with high cholesterol eat it?",BOTH,crafted_hard_v2,reviewed_by_codex_schema_v1,explicit nutrition lookup cue plus health/clinical cue
282,"How much sugar is in chicken breast, and is it safe for someone with high cholesterol?",BOTH,crafted_hard_v2,reviewed_by_codex_schema_v1,explicit nutrition lookup cue plus health/clinical cue
283,"What is the sugar content of chicken breast, and should a patient with high cholesterol eat it?",BOTH,crafted_hard_v2,reviewed_by_codex_schema_v1,explicit nutrition lookup cue plus health/clinical cue
284,"How much sodium is in chicken breast, and is it safe for someone with high cholesterol?",BOTH,crafted_hard_v2,reviewed_by_codex_schema_v1,explicit nutrition lookup cue plus health/clinical cue
285,"What is the sodium content of chicken breast, and should a patient with high cholesterol eat it?",BOTH,crafted_hard_v2,reviewed_by_codex_schema_v1,explicit nutrition lookup cue plus health/clinical cue
286,"How much cholesterol is in chicken breast, and is it safe for someone with high cholesterol?",BOTH,crafted_hard_v2,reviewed_by_codex_schema_v1,explicit nutrition lookup cue plus health/clinical cue
287,"What is the cholesterol content of chicken breast, and should a patient with high cholesterol eat it?",BOTH,crafted_hard_v2,reviewed_by_codex_schema_v1,explicit nutrition lookup cue plus health/clinical cue
288,"How much calcium is in chicken breast, and is it safe for someone with high cholesterol?",BOTH,crafted_hard_v2,reviewed_by_codex_schema_v1,explicit nutrition lookup cue plus health/clinical cue
289,"What is the calcium content of chicken breast, and should a patient with high cholesterol eat it?",BOTH,crafted_hard_v2,reviewed_by_codex_schema_v1,explicit nutrition lookup cue plus health/clinical cue
290,"How much iron is in chicken breast, and is it safe for someone with high cholesterol?",BOTH,crafted_hard_v2,reviewed_by_codex_schema_v1,explicit nutrition lookup cue plus health/clinical cue
291,"What is the iron content of chicken breast, and should a patient with high cholesterol eat it?",BOTH,crafted_hard_v2,reviewed_by_codex_schema_v1,explicit nutrition lookup cue plus health/clinical cue
292,"How much potassium is in chicken breast, and is it safe for someone with high cholesterol?",BOTH,crafted_hard_v2,reviewed_by_codex_schema_v1,explicit nutrition lookup cue plus health/clinical cue
293,"What is the potassium content of chicken breast, and should a patient with high cholesterol eat it?",BOTH,crafted_hard_v2,reviewed_by_codex_schema_v1,explicit nutrition lookup cue plus health/clinical cue
294,"How much magnesium is in chicken breast, and is it safe for someone with high cholesterol?",BOTH,crafted_hard_v2,reviewed_by_codex_schema_v1,explicit nutrition lookup cue plus health/clinical cue
295,"What is the magnesium content of chicken breast, and should a patient with high cholesterol eat it?",BOTH,crafted_hard_v2,reviewed_by_codex_schema_v1,explicit nutrition lookup cue plus health/clinical cue
296,"How much vitamin C is in chicken breast, and is it safe for someone with high cholesterol?",BOTH,crafted_hard_v2,reviewed_by_codex_schema_v1,explicit nutrition lookup cue plus health/clinical cue
297,"What is the vitamin C content of chicken breast, and should a patient with high cholesterol eat it?",BOTH,crafted_hard_v2,reviewed_by_codex_schema_v1,explicit nutrition lookup cue plus health/clinical cue
298,"How much vitamin B12 is in chicken breast, and is it safe for someone with high cholesterol?",BOTH,crafted_hard_v2,reviewed_by_codex_schema_v1,explicit nutrition lookup cue plus health/clinical cue
299,"What is the vitamin B12 content of chicken breast, and should a patient with high cholesterol eat it?",BOTH,crafted_hard_v2,reviewed_by_codex_schema_v1,explicit nutrition lookup cue plus health/clinical cue
